,标题,视频url,asr
0,法治天下：银行存款不翼而飞，再审判决银行给与赔偿，精彩了！,https://video-nos.yiyouliao.com/inforec-20220101-ffd63220ca3cc1c4549c4a311c2a8e19.mp4,欢迎各位收看今天的法治天下，今天我们的法治天下要给您讲述的是一起离奇的存款丢失案，我们请到现场的嘉宾是本案的终审法官，上海市第一中级人民法院的盛宏观法官，有请郑法官，今天要给您讲述的这个案子可谓是一波三折，家住上海的魏女士银行卡里的四万多块钱一夜之间居然被别人给去走了，不翼而飞了，这到底是怎么回事呢？我们来看看短片的介绍。魏女士和自己的丈夫开了家夫妻店，主要做防腐木材，两口子在银行存了点钱，可这钱却突然消失了，在多次和银行沟通无果的情况下，两口子。
1,在我最喜欢的海边 用我年度最喜欢的音乐来跨过2021,https://video-nos.yiyouliao.com/inforec-20220101-9ea310a0da746b083d4614bef3bae002.mp4,想了有的你的未来是在为在下一刻比我更清，下一夜一一次藏不都清楚我死无有无留不放想。
2,全能星战：孙楠一张口，便知道什么是实力，乐坛一哥地位稳了,https://video-nos.yiyouliao.com/inforec-20220101-a13cf7dd62f1d1183e9beefd95d0487d.mp4,若雨碎子孙，雨了路为送算了，当我伫力在窗前，你越走越远。
3,武间道：黑老大欺负姑娘，不料姑娘男友是顶尖杀手，当场要他命,https://video-nos.yiyouliao.com/inforec-20220101-5dd52a59a1726ad760a89dd50999dc8e.mp4,闪开，蹲下呀开小，放开我打我先枪打他要打死他小要爹死你你你你哪条道上的你。
4,笑傲江湖：特工就是不一样，竟然可以站天花板上，可把你牛13坏了,https://video-nos.yiyouliao.com/inforec-20220101-32013eb40c6d1e428155c081a0c780a4.mp4,到带到舞台上来，就是因为上一次他们演完了以后，就是因为衣服很厚，然后就是满身是汗，都特别的狼狈，这一次就大家精津深深地过来跟大家见个倒也没看出来精女神，实的上一次你们的节目非常地震撼我，其实我觉得真的是非常有想象力，好看，我相信你们已经把最好的都演完了，并没有来请开始你们的表演。爷爷爷爷，我长大以后也想像您和奶奶一样长到爱人。
5,别2021，迎接2022，新年来了！一首《虎年红2022》，送给友友们,https://video-nos.yiyouliao.com/inforec-20220101-cf0a20ce7256b2be251cfe1ac7e6ab6e.mp4,回灭湖，我是一阵风，终你才神超脱梦。
6,金牌调解：丈夫喝多打牌被拒，妻子拉他被打耳光，丈夫：丢我面子,https://video-nos.yiyouliao.com/inforec-20220101-c96fe1ebe3e341065ef54db7fdb73fd4.mp4,他们是一对再婚七年的夫妻，张先生是甘肃人，早年间在新疆当兵，转业后当上了干部。退休后他来到海南养老，买了一片大庄园，一边种植果树，一边经营民宿生意。而王女士是东北人，他跟亲戚来海南旅游，住在张先生的民宿里。就这样，一个东北人和一个西北人在美丽的海南结缘，并且闪婚了。婚后，王女士留在海南帮张先生一起打理庄园的生意。一开始两人的感情非常好，直到有一天，王女士突然对张先生提了一个要求。
7,热恋：最美女嘉宾，还没出场男嘉宾就掌声不断，好看了,https://video-nos.yiyouliao.com/inforec-20220101-253465b37c023794e4a617109d4aa321.mp4,还在少我的心情自由我手你涯多海角请代表爱在上我有一场太乐请爱你爱的天皇帝老好心在表爱在上情我小心在上你涯海大家好，我叫杨杨，来自辽宁生。
8,妈妈：妻子登台为丈夫献歌，离婚两年老公不知，假离婚后弄假成真,https://video-nos.yiyouliao.com/inforec-20220101-7efbe0a73da906047c094a647689b9fe.mp4,是名舞蹈老师，欢迎您来那张医生，您今天要带来什么样的表演呢？给大家带来一首歌，把这首歌送给我的老公，告诉她我此刻纠结的心情，纠结的心情对，开始你的表演。
9,今夜：丈夫白天在家反锁门，妻子进门一看，暴怒：离婚吧！,https://video-nos.yiyouliao.com/inforec-20220101-cd9b2b32c286b159f8aceb98b1d03ee8.mp4,你不是出去吃饭，我很晚才回来了，怎么这么早？你干老板门反锁，是秋燕姐啊。我说你跟秦深分开那也是迟早的事，你呢，不如识相点，早点离开，我看你跑你个情真，你，你给我记住，别以为玩了我，就那么轻易把我甩掉。
10,闹剧一场，罗志祥跨年复出躲舞台后哭，压轴登场网友嘘声一片,https://video-nos.yiyouliao.com/inforec-20220101-29f933c8f5c0c44ed23666f6e2846269.mp4,以后被抽品的尊好等的你谁风给飞诺为过后跟被你物有我以后关人面据我梦生终一带好多和心择留游给动孟春春不应的那朵星空。谁知道七台晚会神仙打架，真正托谣出的却是香港美丽的夜跨年演唱会呢。对比其他台也算是一股情流了，不仅有千架无人机做成的道具。
11,孤岛飞鹰第三十九集01：日本人带燕双鹰寻宝，被其他人救下,https://video-nos.yiyouliao.com/inforec-20220101-869738774e151b392fca9c7ac71fbefd.mp4,好，好
12,2021，见证了冠军，2022，期待更多见证,https://video-nos.yiyouliao.com/inforec-20220101-fad4a811d92ddafbac565a765d4cb143.mp4,一个人远眺更天空，我笑，想做那一只飞力成默的鸟，想着你遇到哪怕只一秒。
13,西班牙人2-1逆转瓦伦西亚 二队00后小将造点+助攻 场面一度火爆,https://video-nos.yiyouliao.com/inforec-20220101-d5e216644338d5d87f1935325d03c551.mp4,在一月二号，三号，四号这三天来进行的，像这次在右边落左脚的长中球道进区里边战下顶在了立柱上，确时往一下，最近的状态不错，球队刚才跟大家也是说了，近三轮联赛是取得了三年在被套路边落看传中球的质量，武景在置做回来再打，这是一次很好的配合防线，其实也将决定着这场比赛最终的走势。其实这场比赛在上面场这帮人的防守做得还是不错的，外围的有远射，把王的球直接是放到高射炮，那是打在方留员身上，出了底线，让人哪。
14,孤岛飞鹰第六集02：燕双鹰要摧毁日本假钞厂，上级却让他找宝藏,https://video-nos.yiyouliao.com/inforec-20220101-28e560efbc23861416cf85a82ad74f29.mp4,双音后来听金井武夫说有歹徒一入，潜入办公室偷盗绝密文件，我想一定就是此人。这个燕霜英是什么身份？据我猜测，他极有可能是威震抵胆的猎鹰暗杀队成员。那军的暗杀队燕双英是猎鹰暗杀队的成员，这只是我的推测，他的表面身份是大通商行董事长，还在租界开了一间很大的歌舞厅，找黄巢舞厅。
15,小别离：朵朵在学校备受关注，孩子心理饱受煎熬，这让爸爸很担心,https://video-nos.yiyouliao.com/inforec-20220101-2dc2609464e19bfdf4a2e3b92d8ca10f.mp4,青青，你去跟他们说，想让他们别再跟着我了，我以后不会再随便乱跑好吧？朵朵，昨天晚上演出你怎么没来啊。
16,婚礼司仪刚开口裤子滑落，羞愧退场笑翻众人：这辈子都没这么无语,https://video-nos.yiyouliao.com/inforec-20220101-ba1efec4102a4bb4440abfe6a25f6986.mp4,自己在沟里面啊
17,南方视频｜2022，加油啊！珠海长隆海洋王国上演跨年烟花,https://video-nos.yiyouliao.com/inforec-20220101-ca0d2de28a48b4e9604b462f29feb92e.mp4,郎雨们说下飞牛眼睛你刻是多么美能远的未有的眼前星空要面上烁天蜜我们路中梦很多的人，我们说一切爱你。
18,竟碰上了如此优秀的选手！门房大爷都顶不住啊，粗暴操作惊呆众人,https://video-nos.yiyouliao.com/inforec-20220101-d4913e0f2feb50b0cf3d3ebf1eaa5b9d.mp4,五四
19,唐朝好男人：公主怀孕，穿越男不敢相信,https://video-nos.yiyouliao.com/inforec-20220101-5285b25e5ad53d26a42793a9463e3b9b.mp4,一上午了，也不说几句话，愁眉不展的是碰到什么难事了。我夫人最近身体不太好，可能是得了什么病吧。那要不要我把宫里的御医叫来的？不用了，我们家有周大夫，你也不用太担心了。要不我告诉你件喜事，让你高兴高兴，又有喜事爱伤，哄我开心吧。之后我的别人了，有没有感觉到什么？说得不到什么感觉。
20,影视：刑警脱了警服要辞职，副省长下令：严查公安厅，好戏来了！,https://video-nos.yiyouliao.com/inforec-20220101-3e07e103b43d2a04bb85f7086570bcad.mp4,我书记呢，到厅里来视察工作，我是裴同，不过呢，我也想借这个机会和厅里的同志们熟悉熟悉。刚才听到袁厅长的报告，我很振奋啊，金色盾牌报一方平安，所以我仅代表我个人啊，谢谢大家，请省领导多提意见，哪儿那么多意见可提？再说，李书记坐着，怎么会轮到我提意见？不过有件事情啊，关系到你们公安听，具体情况呢，我也不大清楚，我只是听说的。
21,梁文道：《人是身体的囚徒》“老”是一种怎样的感觉？,https://video-nos.yiyouliao.com/inforec-20220101-d4acffc3ac518e069226e673e03433f1.mp4,我小时候从来没想过长寿这件事，我觉得长寿这个想法挺可笑的，但是当然呢，有哪一个小孩或者年轻人会开始思考长寿的问题呢？对小孩子来讲，日子是那么的漫长，所谓的未来还在遥远的笔端，根本看不清也摸不着，长寿太遥远了。但是我小时候确实想过另一个跟长寿相关的问题，那就是死亡。因为小时候跟家人住在一起，久而久之。
22,好运来临：儿媳不能生育，婆婆竟要儿子离婚，亲家同意了,https://video-nos.yiyouliao.com/inforec-20220101-6a16ea41aa6e0e4ebe53771b66274b7f.mp4,好，真没想到苏轼做出了这种事情，你现在还对他有什么好留恋的？这个婚必须得离，不过就是我们要离婚，也不能糊里糊涂的恋，苏家必须给我们一个交代。
23,【搞子】这可能是他们的最后一个视频了,https://video-nos.yiyouliao.com/inforec-20220101-189a693ffcb8a75663c108176e4a65c6.mp4,好的，各位观众，那今在拿到我们的一个新的游戏叫做谁在背后议论我说坏话，说坏话游戏的规众呢，就你在屏幕上的答家看就玩这了，依人戴耳机，其他人根剧主题说他坏话，戴耳机的人可以随时暂停操听，暂停时长最长，听的内容最小的人讲受到惩罚，主人公应该是要戴着耳机，然后这个耳机呢降噪效果非常的好，那是哪一排的呢？问到点子上了，这是不死太厉害，双风烧造技术，什么他听不到了，听不到了我们是不是。
24,闺女说的太给力了：甘拜下风！,https://video-nos.yiyouliao.com/inforec-20220101-cbedf6ca9ddabe5f582007642348e641.mp4,佳云，为啥我每次跟你妈吵架都在我嚷着他，你不让着他，难道跟他对着干呀，跟他吵架呀？咋的，难道我怕她？老爸，你还是太别爱听了，我跟你说，跟女人吵架的男人不要死路欲强。孩子，你想啊，你要去吵赢了人家会追什么了，你只知道欺负老婆，你吵输了吗？人家样换输了，你老是被老婆欺负，我都吃丢脸的事，你是我妈生气了会干嘛干吗你。
25,农村媳妇儿过生日，老公偷偷准备礼物，人到中年，浪漫如此简单！,https://video-nos.yiyouliao.com/inforec-20220101-f736046feb5e319a3de67dbff604003c.mp4,你这个，你怎不能好好写嘛，写一行了还这样吗，把车总给你弄再写一句啊，你看你走，今天是个好日子冤带来吧，就咱家的小朋哥们云南快乐了，看看漂亮行吧许回去啊我支持联句啊你们指指你们俩这是。
26,红：白秧子遇到特务，不投降跳入河中，何科长看到手帕后悔了,https://video-nos.yiyouliao.com/inforec-20220101-78072e754625a3af9d49fae409120f85.mp4,走走走，快走，一起走，不行，来不及了，快走。
27,看了又看：金珠想快点开学不做家务，基丰：你真狡猾啊,https://video-nos.yiyouliao.com/inforec-20220101-315046d999d70fc7450de3825865ccf8.mp4,也都西拿把差的事就给上洒别拿他给我滚图说话的特了吧打也都西卡特路过蛋还是开什么的他吃难了我穿那么庞不比我不说土个机的木盾的买的怕跑过穿不过不从空怖过这个缘户吧漂通的过拿事而你奇不穷得给得滚你边我弄吃看到是伤我是个蛮的馒路的公包的模西。
28,公开吐槽鞠婧t矮，打哭马思纯，小花关晓彤有何背景？,https://video-nos.yiyouliao.com/inforec-20220101-6852da9672e2507e2e8e4a33cae22397.mp4,蔡涛平我是那个在逃的格格，自称金泉格格，公开吐槽拘婧一矮打哭马思纯，就连郭德纲都要叫他一声姑姑。关晓彤一家及七十平房子就真的低人一等吗？很投缘的原因就是因为我，对，就是就是我能这样看的女生都有一种怜爱的心情。拘婧t也没想到这辈子受到如此屈辱，而且还只能在一旁笑脸相对。即便是普通人被当众吐槽身高也会很没面子，更别说被称为四千年美女。拘婧t别忘了曾有人对他造型做出分析。
29,幸福敲门：婆婆逼大儿给小儿子买房，直接逼得大儿妻离子散,https://video-nos.yiyouliao.com/inforec-20220101-3954771747925d7a971cf5c9b43d3ae9.mp4,老师，这什么呀？那你看看应该是什么，你先看我接电话啊，眼睛姐，维尼好嫂子，我知道你瞧不上我们家，更瞧不上我，但是我希望您弄清楚了，我哥是我哥，我是我，我知道我哥比我有出息，这样我呀，这就把我妈从你们家带走，往后呢，您放心，我再也不踏进你们家门。您哪要是有心，就没事带着皓宇回家看看，那毕竟是我妈的亲孙子，您要是没这份心呢，也无所谓，反正您放心，以后我钱晋肯定不再给你添乱了。
30,【主播真会玩女神篇】135: 暖心周淑怡为水友送上祝福,https://video-nos.yiyouliao.com/inforec-20220101-d871b8fff45fa4eacf97d0677226f9a0.mp4,我是现在的拳法老猛，我不开工吧，没富人的哥为什么成功不了，就是因为你没介色了未猪呢？欢迎收看游戏大腿出品的这观听会有女神片哥就是穿的长不得很嫩嫩很可爱，卡哇衣穿得很骚骚你唇于两个字本来就是一个很公夫的，就像我下面穿的。
31,你好2022 新年快乐 新年祝福,https://video-nos.yiyouliao.com/inforec-20220101-22691c82c32a51c10e25157ffcddda73.mp4,刚刚把二零年走完，记入了二零二二年，在这里祝所有的家人新年快乐。新小事生，万事如月，年年有月，宝宝快快乐乐成长。
32,世界最强航空发动机亮相，最大推力高达61吨，相当于歼,http://video-nos.yiyouliao.com/dc8f6d912eb22c7e03e50c167edf3e8c.mp4,航空发动机是困扰很多国家的终极难题之一，被誉为工业之花。到目前为止，全球在航发制造领域有所成就的国家屈指可数，美俄英法四个国家在该领域几乎占据了世界领先地位，这四个国家的航发制造公司基本上垄断了全球的航发产业。那么这些国家制造的发动机中，哪国制造的发动机推力最大呢？专家表示，美国已经推出了一款世界最强发动机，就是推力高达六十一吨的g一九ix，均一九万s，是波音七七七案使用的配套发动机，随着二零二零年波音七七七x客机投入。
33,甜美少女“卷土重来”，取胜心切，软萌妹子沉着应战|国学小名士,https://video-nos.yiyouliao.com/inforec-20220101-b269059d5d24b2ad7738e3f2f4de0f66.mp4,那么现在要进行对战了，好，高涵来转动斯楠，选出你的对战选手，看看这次对上谁请案键总不会再是公寓阳了谁。怎么样，贺立然，之前你们两熟吗？不算很熟，但是我记得贺丽然有个拱车超级经典，就是我们见面的时候。大家好，我来自贺立然，那可爱的贺丽然，还有我们的高寒要一起上对战台喽，两位。
34,大结局 做错事的人都得到了惩罚，好人都过上了美满幸福的生活,https://video-nos.yiyouliao.com/inforec-20220101-45fac376d8fa0f3dee28d42ba18cbc8b.mp4,我不会再让你骗我了之寒屈关心之寒在里面上课的这位是，这是我们新来的老师，听说是小镇上的渔民从海里救上来的，他人美，性格又好，就是这腿上有点残疾，还不会说话不会说话是啊，所以呢，我让他在纸上写出他名字，他写的什么名字啊？之寒我觉得。
35,天赐的声音：胡彦斌隔壁老樊合作献唱《那女孩对我说》温柔感动,https://video-nos.yiyouliao.com/inforec-20220101-faf50c3215b47816a9b069d86dd8cf15.mp4,飞行合伙人隔壁老樊为我们带来大女孩，对我说，没有人值得你流泪，值得让你这么做的人不会让你哭泣，心很空间很大，云很臭，我很孤单。
36,乡村名流：大叔请城里客人吃饭，怎料刘能不请自来，一顿瞎搅和！,https://video-nos.yiyouliao.com/inforec-20220101-2bfc9d35b908ccd5092a16d807d99d4a.mp4,你在这干啥呢？我来看看我爸，我正好也该找你爸，正好有这个机会，我请你俩吃顿饭，别这么破费了。金叔，这还破费啊，吃顿便饭怎么着？我到城里你不请崔叔吃顿饭？那都不是，那就走吧，行，在屋里是吧？好，我一生啊，你这提下去可比我那儿子强多了，我嫌一百跟你也得起一笔呀，差远了，还有什么样子？爸，秦叔，任老秦来，老爷，下棋呢。下棋你下了，今天哪，我请你爷俩喝酒了。
37,过年快给家里的女朋友准备点吧！一起愉快的玩耍吧小拉炮 ,https://video-nos.yiyouliao.com/inforec-20220101-7256ecbe92ca781b8e044a1e092b216b.mp4,王兄是立话啦
38,7分钟看完《原始生活》中，所有的帅哥美女，纪录片《原始生活》,https://video-nos.yiyouliao.com/inforec-20220101-9c7feaea0023a7402722b970c8f2e836.mp4,误转心仪又意在，笑看元旦梅花开宏图大展庆功宴，瑞雪华年从头来首先祝大家元旦快乐。花眼求胜一般都是男人喜欢的东西，但是也有那么一部分女性，她们一般都是狂野又美丽，纯天然纯绿色的美女，她们热爱野外生活，尊重自己的原始本能，让我们一起来看看这些荒野中的女神们。
39,周杰伦 你好2022  54321，周杰伦祝你新年快乐。,https://video-nos.yiyouliao.com/inforec-20220101-e915070ad2fbeafde2eae92c837ad7d7.mp4,准备好了吗？来了，五四三二一开，宾利尔。
40,大结局：心机妹妹被赶出豪门，善良姐姐嫁阔少，一袭红嫁衣美炸天,https://video-nos.yiyouliao.com/inforec-20220101-1a34a5b01c9f22406426e975f804bb06.mp4,大太太怒斥唐庭山做得太绝，他可是你的兄弟啊，你们也是一起生活了二十几年的兄弟，兄弟，你知道吗？唐庭山忍不住报出所有真相，他连续两次想要我的命啊，他还把我亲生弟弟杀死，还害死了我亲生母亲，这叫兄弟吗？一夜之间沦为乞丐，亲爱文怪，唐庭山太狠，我跟你无冤无仇，你干吗连我也要迁为其中啊，收到我跟你不相上下。金艾文当初把唐庭山扫别出门，还对他百般羞辱，落井下时连车也不准他开走，这会儿倒撇的一干二净，唐庭山不但要给自己报仇。
41,一首《潮湿的心》，曾经火遍大江南北，唱出多少有情人的心声！,https://video-nos.yiyouliao.com/inforec-20220101-143c485c8b8cd3c18062e7d3f303894d.mp4,是什么淋湿了我的眼睛，看不经你远去的背影，是什么冰冷。
42,20211229 京九线 上行HXD1B0649牵引货列快速通过,https://video-nos.yiyouliao.com/inforec-20220101-eb6d0115aa99c25b4ee95836497e7e98.mp4,国，就得要第二零六十九，拿起上段。
43,你好2022 2022年第一条 给日出～给新蓝～给可爱的你们～,https://video-nos.yiyouliao.com/inforec-20220101-739a61333f0f00e3182f1196fb1b4142.mp4,你在白夜的错，你说习惯了这天碧日的烟波，你说听惯了精灵呼唤的脉搏。
44,恶霸犬挑战家中大鹅，大鹅一招白“鹅”亮翅将其吓退：我才是恶霸,https://video-nos.yiyouliao.com/inforec-20220101-cfc0e80ccd6c22d23da79c668611b9b5.mp4,啦啦
45,蜘蛛小子不去当蜘蛛侠，改来打怪兽了。,http://zhiyun-video.yiyouliao.com/60359b1e997bb8a7703e806a3514b657.mp4,六十天不转我母化都你告诉你不告对对的开始要我。
46,特利迦奥特曼：达贡被卡尔蜜拉控制，只剩下一具黑暗巨人的躯壳！,https://video-nos.yiyouliao.com/inforec-20220101-905928e78c83ed9765a4688f4fefdc2b.mp4,马克出品比尔精品恭喜本期的获奖观众王当当小朋友，请刘一克的信息哦，在未来的几天里，马一口户录续接晓，其他中奖小伙伴留意我的视频，没有获奖小伙伴也不用灰心，观众麦克克不仅能看最全道本书的解析，还没有机会收到元旦特别版黑钻卡片格力加二十二集中黑暗三巨人已经彻底分耕离析，但也不是一个t目了，而是各自为证，互相伤害我喜欢可客哪路的书尼够了尼。
47,新年第一天，小挂件安排上，满满的新年氛围，看着就喜庆！,https://video-nos.yiyouliao.com/inforec-20220101-2c0bb4c7a50986fd4a862f9228ab1bc7.mp4,八年了，过年了，过年了，四季红迎新哈，过年了啊。
48,抚州金溪：给“金溪国际大酒店”供货 欠了两万多没有给？,https://video-nos.yiyouliao.com/inforec-20220101-62124f10996e13af965d65d2ab25fd5a.mp4,福州金西的谷女士反映，她是做面包的，开了一家小店，给金西国际大酒店送了两年多的面包，但是去年十月份到现在，一年多的面包钱两万三千八百元一直不付给他，说酒店换了老板，谷女士希望尽快结清账款。
49,40年前让学发电报，20年前让学BB机修理，家长到底该让孩子学些啥,https://video-nos.yiyouliao.com/inforec-20220101-4d556290d4a6cee00007a766d67547e3.mp4,可以现在大家都很关心孩子的教育，都说现在是要从应试教育往这个素质教育方面转变，但是什么是素质教育呢？似乎在家长的眼里，所有的素质教育就是一门一门无穷无尽的课程，似乎孩子什么都要学，什么都不能落后。简而言之，在很多家长眼里，要把一切的教育都变成技能教育，这也很符合长久以来的一种。
50,跨界歌王：李小萌唱功太惊艳，小沈阳甘拜下风，棒“死”了,https://video-nos.yiyouliao.com/inforec-20220101-d9a09ff4d6e2f6756d463306b314e596.mp4,不灵不灵，这个我真的有点受不了了。我跟你说，下一期我穿校服来，黄阿姨可以，刘峻峰请听好，请坐上你专属的冷板凳。好的，这里有八洗冰淇淋，还要穿，要吃冰淇淋啊。冷板那是啥意思不知道，给个冰板凳做了，就是下边有电风扇的那种，做冰块而已。我说句实话，这个冷板凳设计的确实有点草率了，你稍微有一点布置也好，要不然给我来点草棚啊。
51,联盟系户被指啃老，后卫没投篮却总有球队赏饭，只因三特质太稀缺,https://video-nos.yiyouliao.com/inforec-20220101-f6124e8638a6ab4498e4ffc1fad10af9.mp4,大家好，我是k，中国有句老话虎父无犬子，大概意思是一个人如果自身很厉害，他的孩子大概率也不差。在恩辩也有不少虎父犬子组合，比如老库里和小库里，还有手到佩顿和佩中二世。和这些父子组合相比，李福斯父子多少有些尴尬。不久之前绝情客场暴露击败勇士，比赛中，勇士场边解说谈到小李弗斯时，声称他是靠他爹在快船当主教练才得到继续在联盟打球的机会，并获得一份续约合同。对此小李弗斯几乎是第一时间予以了反驳，表示自己在快船三年不但没有啃老，还打出超级利落人的数据拿到一份。
52,华豫之门：入对圈子找对人，大哥用药箱装的青铜器是真是假,https://video-nos.yiyouliao.com/inforec-20220101-f6294cc642a3d2ccea129870992138fa.mp4,一个小药箱的呀，是什么？这是青铜器，青铜器窑中的小药箱里一块，一个镜子，一个青铜花圃，是你的，我的哪来的？古安城买的。你是从多大的时候开始去古完城？我这是刚学，刚入道，还不是太熟悉。您今年高寿是吧？这不年轻，怎么讲高寿了？三十岁。对呀，某有学收藏，什么时候开始给你算完对吧？对，那你到古安城有人帮你长眼吗。
53,温柔的诱惑：美女真是顶级绿茶，装的楚楚可怜，其实是大灰狼！,https://video-nos.yiyouliao.com/inforec-20220101-62c2a1483ea7655aa628b69a97661979.mp4,老黄啊，你说我这一直在找你，打电话也打不通，你忙什么去了？是啊，没忙什么，有事吗？这个属包出版社郭社长的事啊，你知不知道我听说了，你说我这书出的咋这么不顺的了？是啊，不过你也别太担心了。
54,华豫之门：十岁丧父只剩下个砚台，专家鉴定后还有观赏价值,https://video-nos.yiyouliao.com/inforec-20220101-fdd46ebd17c4de0b0faff77832fedcf6.mp4,豆，父爱如山，父亲是在你几岁的时候离开呢？十岁，现在过了多少年？二十九年了，二十九年了，我跟他有同感，我是十一岁上户，我去诗了以后，在家里真像是一个顶梁组画岁了一样，父亲也喜欢画画，喜欢画画，喜欢兼子啊，她喜欢打毛衣，他的爱好非常的丰富，他也有很多的画，应该也会留下来画，因为我母亲不识字，我父亲过三周年的时候，他的朋友想要这画，我妈他不懂，不识字，麻把的画全部给别人了。
55,1月1日，中方宣布对美重拳出击；国防部暗示歼20已经赴台巡逻,https://video-nos.yiyouliao.com/inforec-20220101-f0f41b5a7b874ce50a49b70fa9f0d78c.mp4,自拜登上台以来，美国就不断打着人权旗号想要干涉中国内政，一会儿插手设台问题，一会插手新疆问题，更让人无法接受的是，他们居然还挥动手中的大棒制裁我方官员。既然华盛顿不人在先，那就别怪我们重拳出击了。据相关报道称，在日前的外交部例行记者会上，发言人赵丽坚表示，针对美方粗暴制裁五名涉港官员的错误行径，中方决定根据反外国制裁法对五名美国人员实施制裁，并公布具体措施。据悉，这几个跳梁小丑分别是美国前商务部长罗斯，美国会美中经济与安全评估委员会主任巴塞洛缪，美国国际共和研究所在港代表亚当经以及国会。
56,朱元璋问儿媳：天下什么东西最大？儿媳回答“4个字”后被迫嫁人,https://video-nos.yiyouliao.com/inforec-20220101-1a77bdbdf55f59238f7bfd34d0c3fff1.mp4,爹，你没死啊，你还活着？朱元璋做唯我国有名的草寇皇帝，曾经问了自己儿媳一个问题，在儿媳回答了四个字以后，竟然被他逼迫直接嫁人。朱元璋的这个问题究竟是什么？儿媳又是怎样回答他的美？让我们一起来走进朱元璋的传奇一生。朱元璋在坐上皇帝大卫以后，一直很想要收服一员大将。
57,电影都不敢这么编的案件，计中计连环套，层层谎言背后的真相| 奇闻观察室,https://video-nos.yiyouliao.com/inforec-20220101-bd9ad5a4ca8a8231bd6c3040d14f46db.mp4,大家好，今天是奇幻观察室，我是唐峰，今天要给大家分享一起今日的说法上的奇案，围绕一位富豪的死，三位年轻人跟警方进行了五轮精彩对决，每一次表演都设置巧妙，从意外到外遇，从仙人跳到偷拍，从老少婚到养情人，记忆中记连环套。你以为你以为的他不一定就是你以为的调查过程之复杂，电视不敢这么演，小说不敢这么写那么这一起棋案究竟是怎么一回事呢？就让我们穿越回二零三年，重新梳理下事情的经过包头递出内蒙古自治区西部。
58,香肠自由！8种做法总有一种击中你的胃,https://video-nos.yiyouliao.com/inforec-20220101-b703c2a56e67c990647aa2b9af6a4efa.mp4,走过路过不要错过，大家好，我是贝贝。快过年了，很多地方都开始挂香肠吃香肠，贝师傅搜集了八种香肠之后的美食，举办了这场香肠主题拍卖会，不知道有没有你熟悉的拍品呢？如果有你感兴趣的料理，请在弹幕上出价。小本深夜，童叟无期，先捡几根上次直播做的香肠，喝了二十多天的西北风已经脱水城帮邦硬了，先让他进蒸锅生会器，十五分钟就好了，生过气的腊肠会变软，更方便下刀。
59,火影忍者秋风，秽土长门：吃我一击黑虎掏心和死亡射击！,https://video-nos.yiyouliao.com/inforec-20220101-158b289958834318c3f17e4c47a2c673.mp4,他这这这个声音我也会来那山有的头有了了关你不要睡着我会拉上你的床态看着你成为你的梦也在你最美丽的梦就把你头痛边到出口找不到你是真的很想跑你根本逃掉拉个我的那么什么我去我去来当着我两面说你比如你的一切都像是你跳舞精还没回来去过膨上我一个人看加。
60,光遇：侦探被欺骗了，收的半年的崽崽竟是男的！,https://video-nos.yiyouliao.com/inforec-20220101-dee10a3feb0b2f3ee8cdb5c6a5e77024.mp4,好久没来四完了，今天上下来瞅瞅，打开心白一看，发现当初说的白鸟仔的在线，我这个江湖人得有快半年没找人家玩过了，属实有点不称职，走，去找人家联络一下感情去欧红在目睹跑童的飞过去，虽说长时间不完，但飞行技术依旧潇洒，别看只有力无益，我照样过去，我照样上不去了，快来救我，没能亮了呀，不是本人，但是可以救我，施主真爱菩萨，心疼啊我突然好奇我攒弹给我背注的傻，就问他一下，然后他居然不告诉我是有什么说不出口的吗？好吧好吧，不勉强，你把他喊过来就说他见湖人想他了。
61,大妈为跳广场舞出手豪横，全款买三个地下车位：这波大妈完胜,https://video-nos.yiyouliao.com/inforec-20220101-92d851bf3bc2df5cdc31aaf81aa512fa.mp4,是会念叨你带着你是会天倒只在随我的却样却得没关系可你睫毛进心我落恋我的心澎湃表白的心走鸟疯怦好k能不能再落看我一眼我就会满足的草人我落年我的心空湃表白的心走鸟澎风哦。
62,2022新年第一天！5段手筋，算出打劫杀有3段，“黄莺扑蝶”净杀。,https://video-nos.yiyouliao.com/inforec-20220101-0b3e676cab263edd41bb20c8bfa1402c.mp4,亲友我们好，我是张老师围棋教学，今天是二零二二年的第一天，崭新的一天，崭新的一年来到了，祝愿广大齐友和粉丝们远离疫情，幸福安康，秦年快乐。好，今天我们来看这个景，这个骑行号称是五段的骑行，那么这个骑情有古朴玄玄期经里面的棋的痕迹，但是比那个又更加完整和复杂了一些些，那么好了，我们现在来看看似比较简单，但是这里头包含的奇理由。
63,江苏老苏州农村结婚风俗实录,https://video-nos.yiyouliao.com/inforec-20220101-4d9d37e342f013d4db4c0c57369e6cc5.mp4,啦啦啦啦啦啦啦啦啦。
64,上山听狗叫,https://video-nos.yiyouliao.com/inforec-20220101-e99641e96402214eadaf145194053d90.mp4,嗨
65,论海王的自我修养，女朋友刚好凑齐12个星座，收我为徒吧,https://video-nos.yiyouliao.com/inforec-20220101-67fef95bede88b5dc394f20f77cbd8f8.mp4,队友打电话给他，女朋友忘记关卖，我问你喊你之前谈过几个女朋友啊？刚好凑及十二个星座吧，你怎么不再做其十个爱春肖，现在把五十多个民族都凑齐了呀，你还想更多的人来伤害我是吗？什么伤害？为了遇见你，我拼了命地谈恋爱，结果谈一个不是你，谈了一个还不是你，在这个过程中，我受到了一次又一次的伤害，而你呢？安，你倒好，你谈一个就是我，你不用承受那么多我的过去。
66,孩子去游戏厅 妻子骂侄女引来不满 丈夫：她骂孩子八婆,https://video-nos.yiyouliao.com/inforec-20220101-70d72e05ba6e7367039f4e1499386d75.mp4,因为妻子的一意孤行，让自己辛苦打拼三年，已经做到高管的工作走丢了。郭先生平静表述的背后，他的愤懑我们可想而知，可是杨女士似乎不以为然，我请愿，不愿工作，丢了工作。郭先生说，木以成舟，多说无意，那就好好过年。这个年他还是选择跟着妻子回他的老家，也就是去岳父岳母家过春节。这个年你过得也不开心，没有放弃我，放下我，我在他们家有没落那个吗？郭先生说，大年初九从岳父母家回来的路上刚好经过自己的老家，他临时起义，决定回自己老家一趟。
67,留个纪念吧你好2022,https://video-nos.yiyouliao.com/inforec-20220101-c5a66582a9d17cf783c0b3f6ad16715a.mp4,北京时间零点整。
68,咪呀：外貌者协会的女生，屡次被人的背叛，这是啥情况,https://video-nos.yiyouliao.com/inforec-20220101-e087b6b3addcb62071f8070dda616e29.mp4,各位朋友大家好，我叫庄芷杰，我是来自于中国台湾，我今年三十三岁，谢谢。每到这个时候，我们觉得苏静老师的心情特别灿烂，真的吗？您为什么会用这么奇怪的口杞，我的强调讲，我觉得要找一找那种乡音的感觉，亲呢，庄女士，今天来到猫咪亚，您的心愿是什么呢？我的心愿呢？我的心愿呢？我想要等表演之后再来一起诉说，因为我的故事还有点冗长呢说。
69,经常晚上咳嗽，是不是小结节引起的吗？也要小心这种常见病,https://video-nos.yiyouliao.com/inforec-20220101-60d665318b7b15dcdfd6aee54e9ac9ea.mp4,这个问到呢，十七号晚上咳嗽，第二天早上有黄色的弹块，还有一点点的黑痰，晚上咳嗽厉害，白天偶尔咳嗽，医生开六天中药，咳嗽基本好了，胸部西笛显示气管炎，左肺上月有个五毫米的蘑不的小节节灶，这个危险。第一个我想说，如果你是晚上咳嗽的厉害呢，尤其是躺下来咳嗽厉害呢，你还要考虑是不是有这个胃食管反流，有没有反酸烧心这样的一个情况，我建议你这个可以要做一做胃镜看一看，如果有反酸烧心呢，还要用一些抗反流的药物。
70,用面糊炸的菜统称天妇罗，面衣可是其中的精髓,https://video-nos.yiyouliao.com/inforec-20220101-fabb4ab28d40d47b94ddb53711b56aa6.mp4,好，好
71,都说不能在火车站吃饭，在北京站吃了一个盖饭，结账时以为看花眼,https://video-nos.yiyouliao.com/inforec-20220101-ed90136dab55cf065f419982a190ad8d.mp4,他说样我现在是在北京，这里是北京站，现在是中午的一点钟的，准备在北京站附近吃一个中餐，看看北京物价的水平是怎样的，也给大家简单的做一个参考一遍，拿大家在北京站的时候可以看看这里的价格和物价水平是怎样的做一个参考吗？这样的话你就不至于来到北京这很迷茫，所以在这里很有必要的跟大家拍一盘北京的这个物价水平是怎样的。我刚刚是从那边过天桥过来的，交通还是非常方便的啊，因为北京站附近没有什么太多吃的，主要是以那些面为主，而且那边的价格肯定是最贵的吧，我估计然后我就。
72,所以，这次换我来守护你了  假面骑士,https://video-nos.yiyouliao.com/inforec-20220101-81af92669990576059ecf75921282a5d.mp4,为怎么忘也忘过我从没受过伤，自路岁听到那不舍里的一下一直都在着爱放在难手最什么。
73,疫情封城第9天，我们的【跨年VLOG】,https://video-nos.yiyouliao.com/inforec-20220101-7ffc3de86bdf7af7f43dead6f1c32366.mp4,啊，啊
74,麻将：可惜的均哥哥又被盘，难道胖妞是他的克星,https://video-nos.yiyouliao.com/inforec-20220101-680f8ee58642d5e8d1ead186ebde7984.mp4,大家好，我是爱打麻将的胖妞，每天看胖妞永远乐悠悠，视频每日更新，喜欢的朋友强烈推荐，帮忙点一点，谢谢支持，爱你们哟今天打的是换三张，队员是上家花花，对家军哥哥，夏家小姐姐。不知道大家喜不喜欢吴姐说的麻将，昨天是特殊情况，今天依然是沉浸士，主要就是想听听你们的建议，看看你们更喜欢哪种观看模式，方礼雨里评论区等你哦。
75,纪录片.阿拉斯加三角区.S02E02.2021[片头][高清][英字],https://video-nos.yiyouliao.com/inforec-20220101-1224f9504985be57a09049b4bcc0406a.mp4,斯克斯上一克斯尔上斯跟我认是个说德你的普长安里的那一个所有尔两的佩伦诺尔嘛个训练比一定为尔我斯个汗的都是第二破第尔。
76,儿女很有心机，竟然忽悠父亲把房子卖掉，让老人无家可归,https://video-nos.yiyouliao.com/inforec-20220101-dd2ceff030428a2c8f635d1c4ae8af88.mp4,你们吃饭了吗？叔叔又来讲故事了，女儿姑爷规定六十二岁的大爷把房子卖了去福利院住，大爷就十分的恼怒，不清楚该应该怎么办，大爷就跟他自身的亲哥哥讲了一下这种事情，大爷的亲哥哥变心怀一记，一瞬间让大爷正确认识了女儿姑爷的嘴脸，因儿大爷就干了一个决策，到底是什么决策呢？小伙伴们好，我是叔叔，热烈欢迎接听叔叔高说故事。
77,能让婚礼焕发新生命的布艺，你利用好了吗,https://video-nos.yiyouliao.com/inforec-20220101-f56e6e09642b336d447229deb3f4c677.mp4,大家有没有发现，今年的不满装饰就有了灵魂，越来越艺术，越来越有创意，让人觉得大不一样。上海易婚礼最近做了两场婚礼，一场是将布满提前加工好，现场结合铁议来做造型，效果复古越高级。而另外一场是将两种不同颜色的布满进行分解和重组，看上去精致又干净，其实布料还是那些布料，改变的是人们对于传统布料的运动方法而已，除了需要手工的悬挂记忆以外，也离不开大家对于布料性能的了解，我们要根据设计结合布料的质感特性，透光度，弹性等等，将它们的优势发挥。
78,2021年年终总结，雯雯的小店铺总共卖了144万！明年要更加努力,https://video-nos.yiyouliao.com/inforec-20220101-52425493d8e763d57ed99c3c071d8d23.mp4,哈喽，二零二一年的最后一天，我穿背形还有薄外套，他穿的是羽绒服，照布漂移邦骄傲每人我已经先回来啊，就准备了遛狗干嘛干嘛，快去上厕所，后面再开年会，好大声了。我们今天跨年不打算出去吃了，肯定很多人，我不想人挤人，我们在家里自己做一顿好吃的减肥餐，比如做椰子鸡，买了三瓶椰子水，然后把一些最己喜欢吃的食材扔进去嚼。
79,当当做好了汉堡大餐全部给了妈妈！,https://video-nos.yiyouliao.com/inforec-20220101-5c7e85fd251ffdb5d359c59d7c840c7c.mp4,当妈妈好久没吃到汉堡了，你可不可以给妈妈做个汉堡大餐呀？行，你会不会做？别激动，别激动，会不会做呀？会会啊，爱你看啥呢？那是牛肉年，还没放面包片呢，面包？不是，那是上面的面包片，别激动，下面的面包片呢？等到下面的面包片呢？当当，小朋友在这儿呢，你都没看见，当当，加油，妈妈不管了，妈妈不给你帮忙啦，妈妈也不监督你了，你自己做好不好？妈妈在这儿给你加油，当当，加油当当。
80,两套皮肤可选，预售价40万起，实拍上汽奥迪Q5 e-tron,https://video-nos.yiyouliao.com/inforec-20220101-823a288aeac76f734fb4041896b8a44e.mp4,大家好，我是菲冰军，相信大家也看到标题了，今天要带大家看这款车就是上汽奥迪的首款纯电动v车型q五一创起来。
81,定式残局：双炮双士取胜炮双士，饶了几十步一筹莫展高人一气呵成,https://video-nos.yiyouliao.com/inforec-20220101-2815b9041662fec12ccb4e3d496b7a18.mp4,各位棋友大家好，现在呢是双炮双势对黑方炮双式黑风这个旗呢只要炮一平五一枪，那么就是绝杀，那红火怎么赢呢，首先模板就是把两个炮呢都推到下面来，一个占底线，一个炸二线，然后呢率屏中此时能够活包先走，那么红包第一步呢就只能说赶紧先上市一江让他这个将平中，不让他抛一平五，那现在黑方呢，他电视的话要丢失那红包更加好赢，所以他走降入平五，然后红方呢。
82,4399这是想逼玩家退游吗？氪金居然能禁用敌方鼠标左键？这你敢信,https://video-nos.yiyouliao.com/inforec-20220101-1f624d678e0d806a58cfce81db2c64c7.mp4,那这个子弹可以封锁敌人的攻击，就是他直接进用主要组件了，好家伙，好的，观众能大王兽本期是一周一根的火音金，那这次视频是嵌了一周。那本次带来的一个武器是我个人觉得应该算是近期上比较离谱的一个武器了，这个武器叫流金冲任，这个武器它厉害的地方以及它变态的地方点呢，带于他的切刀和他的一个子弹。它这个子弹可以封锁敌人的攻击，就是他直接进用主告组件好，好家伙，直接让你没法攻击我这个是比血晕还离谱一点，而且它子弹就能打到，这不像血晕，眩晕器呢，好歹还有更冷却，这个也虽算然说于冷却，但是整体用起来呢，比我们的那个眩晕。
83,美国噩梦成真？中伊俄强强联合，美国霸权还能“霸”多久？,http://video-nos.yiyouliao.com/124ef10f2b9477581bc31a1f87d24e47.mp4,美国噩梦成真，中医俄强强联合，美国霸权还能办多久？中国与伊朗签署了长达二十五年的合作协议，随着中俄战略协作，现在的中医俄俨然已经组成了一个坚固的去美元化为强。俄罗斯是在上世纪苏联解体后独立呢？本来苏联被美国针队就让人很生气，没想到俄罗斯独立后处处被美国盯上，俄罗斯血统中的战斗因素使俄罗斯和美国一直处于对抗的局面，而中国和俄罗斯一直在互相帮助。目前俄罗斯的主要经济来源是能源，即便如此，如今俄罗斯的年国内生产总值。
84,王一博舞蹈  啵神的性感不是吹的。。。,https://video-nos.yiyouliao.com/inforec-20220101-71592b286c765b301de6e438c7c033a5.mp4,遗忘，遗忘的遗忘，随我的节奏，有的一样晃又晃，自有黄乱影若间的微光。
85,温柔的：这女孩太狠了，非不离开男友，说死都要黏着！,https://video-nos.yiyouliao.com/inforec-20220101-92002ef66359ed2dba886036dfab8935.mp4,你这话说得不对啊，不是亲生父母，圣世亲生父，我们毕竟养活她十多年了吗？但是在这个问题上，咱俩观点一定要一致，你要站在我这个立场上，这件事情你就别管了，由我来好不好？黄欢，吃点吧，你都这样了，妈看着心疼。
86,长尾巴比赛：贝尔公主收集了100米获得了冠军！,https://video-nos.yiyouliao.com/inforec-20220101-a6ad55324c9e741c49101f60a6976962.mp4,小虎妹妹，你怎么长出了长尾巴了呀？天哪天呐，小容妹妹今天又来参加比赛了，原来是童话王国比蛋收集尾巴的比赛了，小妹妹这次要争夺冠军，这样才能跟我们长凡哥哥约会啊。小如妹妹你可要加油啊，不然那个白鞋和贝尔公主就要领先一读了呀，还我去。小舞妹妹竟然放弃比赛了，他要把这次比赛了冠军资格让给我们白雪公主，白雪公主现在开始登场了，白雪公主你可要小心呐，不要浪费了我们小舞妹妹的一片心意啊，海有我天巴雪公主这么努力离开，他的尾巴已经收集了这么长了，到达终点之后。
87,因为粉丝太不理智，张国荣直言不想再拿奖，宣布退出歌坛,https://video-nos.yiyouliao.com/inforec-20220101-98e937da9eafaec63f57788887890a67.mp4,上世纪八零年代中期，张国荣的生活似乎终于步上正轨，其实不然，张国荣的娱乐圈恩怨才刚刚开始。这个时候，在角逐香港最受欢迎男歌手的道路上，他的面前出现了一个有力的竞争对手。张国荣和谭永林的香港最受欢迎男歌手之争，贯穿了整个八十年代终后期，但凡是两个人同时出现的局面，必定是一番热闹的景象。
88,“凌晨四点的南京”第三季①│实验室里的“科创梦”,https://video-nos.yiyouliao.com/inforec-20220101-fc855912fbd4293ff78998c76b7adfdf.mp4,我们熟悉做座城市凌晨的样子，因为我们坚信实验实体的一小步将会成为社会进步的一大步。我们是紫名丹实验室朴石通信中心光子钛合兹课题组。
89,教你在家做羊肉汤，羊肉软烂入味，做法简单，吃着浑身暖和,https://video-nos.yiyouliao.com/inforec-20220101-166d72bab92ac793939f79a712affcd8.mp4,对别人快玩得比别人笑家来大起卡的都是我可的雕像，大家玩的都是我找的歌妈妈的欺负不让我看见黄境的精是在我心里面又终就的多够怀放让你在这眼讲朋友里色的花的角受破了锁和白放徨深是心中下雪。
90,惊天逆转！上海女排上演让2追3好戏，把江苏女排拖入决胜场,https://video-nos.yiyouliao.com/inforec-20220101-14fe53f267d35bb03dbd504263d10b7b.mp4,大家好，欢迎收看本期视频，我是图土。二零二一至二零二二赛季中国女排超级联赛继续进行第三阶段比赛争夺，在其中一场半决赛争夺中，上海女排先书后赢，他们在零比二落后时联谊三局，总比分三比二战胜江苏女排，双方将进入决胜场较量。首回和获胜的江苏女排战的现机上海女排本场比赛。
91,遇・见――兰州广播电视报精彩依旧 与您同行,https://video-nos.yiyouliao.com/inforec-20220101-624690f5d60448f51be56734937a8e7c.mp4,是啊
92,年根儿了，职场、孩子各种挑战...不敢岁月静好，只有咬牙前行！,https://video-nos.yiyouliao.com/inforec-20220101-b5eae68c7ef56e8a1e2b2873102005a7.mp4,大家好，现在是三一号，二零二一年的最后一天，明天就是二零二二年了，夏天过来，快点过来师喽，你还早早穿上睡衣了，里面也不套件衣服穿，我们今天的晚饭比较简单，没打算当节果，就是那个百米粥好着点，这个香肠快一了，你想吃吗？行，等我看你额头好点没？我们额头好像是快要好了，现在有点发黄，那种起结痂的那种状态。这一年挺不容易的，尤其是到零年根的时候，我感觉好像每个人。
93,中国5大黑科技成果亮相，从起跑转变为领跑，让美国无法再封锁,https://video-nos.yiyouliao.com/inforec-20220101-426c207dc61351da75759e61f4105ece.mp4,随着全球技术应用水平的不断加深，中国五大黑科技成果亮相，分别是盾构机，海底沉管，隧道，维生素c批量生产能力，高铁以及华为通信，技术涵盖交通，基建以及科技等多领域。中国的技术积累让美国无法在封锁从起跑转为领跑，并且形成了自身的核心竞争力。盾构机是现代基础设施建设中必不可缺的大国重器，直到上世纪末，西方国家封锁了高智能的多样式盾构机市场，并对中国的引进合作需求狮子大开口，为此中国从前期只能花费巨资从德国引进，后来提出的八百六十三计划，中国开始研究自己的。
94,司马南：美国深陷返祖化、拉美化、法西斯化（苏联30年研究15）,https://video-nos.yiyouliao.com/inforec-20220101-97381e2b856c8c315733d030969bd2fa.mp4,我是中国公民，北京市民，北京市东城区居民。司马男苏联王党王国三十年了总结苏联的教军现在我们进入到一个新的领域，光是苏联自己内部什么原因，仅仅一个外部原因比较，这已经不足以让我们深刻分析苏联为什么卫星上天，红旗落地了。现在呢？在中国社会科学院李世民课题组的这个大背景就是下，他们课题组研究三十年苏联的变质的这种威胁，有一系列学术研究成果，现在我们演入一个新的角度。
95,原来古代就有“互连网”了！创始人居然是吉吉国王？电影赘婿之吉,https://video-nos.yiyouliao.com/inforec-20220101-ae922af155ac414f05fd57d2043addc3.mp4,我知道该怎么赚钱了诸位，若您家中有任何闲置物品，便可在这儿红木想帮您寄，若您有任何一直想要购买的物品，便会在这黄布上帮您记性，我家有一把闲置的太师乙，我想要一直属于珠钗，我家还有一个写日的婆娘，不真少爷有五十条能对应上好啊，这是您要的水于孤钗，挺难吗？太感谢了，我们会说您一成的不会好说好说大爷，您有什么闲弃的物西，就是我，我都闲置的三年了，也没营生做，我们这儿不贩卖人口等等，闲在家里想找生计的。
96,我和我的儿女们：看到老父亲给自己找的这份工作，小儿子惊呆了,https://video-nos.yiyouliao.com/inforec-20220101-d42c78d9fc1d07e97253a686cdd7b06c.mp4,走了吧，老弟，你带我来这儿干嘛呀？别说话，大家镇一静啊，静一静，静一静，静一静啊，我给大伙介绍介绍，这个呢，是我的小儿子，叫钱自强。
97,飞鸟集：为了捍卫爱情，小伙决定向情敌宣战，这就是爱吗,https://video-nos.yiyouliao.com/inforec-20220101-fe8b438ab9a7b81810d6ba028a4130b9.mp4,谢谢换皮了吧，我说你消停点吧，可乐带酒已经够美的了，到底要去你什么呀？他带他的，咱俩喝啤的，谁跟你喝啤的呀？小满说的游礼，他有啥礼了呀？瞧你那点出息得吧，说说你要清楚的事，我去了。
98,我爱男保姆：男人被姐夫抓住把柄，只好言听计从，真是太可怜了,https://video-nos.yiyouliao.com/inforec-20220101-a43b810e784479caacd7a5353a26be6d.mp4,偷什么神啊？偷什么神啊？说话好听点啊，我们那是正经的学术交流，交流到宾馆去了。你衣服是你女朋友扔给我的吧？你要不出去偷神是吧？我也住不进来不是。偷什么事啊？偷什么神啊？说话好听点啊，我们那是正经的学术交流，交流到宾馆去了。那得，要不然你直接跟你女朋友坦白，我立马走人。大爷，你要干吗呀？陶矗我告诉你，你要么给我找着你姐要了，我在这儿住去了。我上哪儿找我姐去啊？我姐出国之后，我们就再也没联系过。
99,武当一剑：将军为了寻找家人独自来到辽东，他能否找出线索,https://video-nos.yiyouliao.com/inforec-20220101-3bb70c4362c74fd2a3db39c30d724a0c.mp4,这个事给你嫂子带的吃的，实在对不起，抱歉抱歉啊，不当是你，怎么这是哪办？莫非投到了努尔哈赤长相这边说燕子，我走了，您喝完水再走啊？不喝了，我就在镇子里的那个客栈等你们，你俩收拾一下，明儿一早咱就启程。
